USA_ROUTE,GigabitEthernet0/1/3,US_SV1_Core
USA_ROUTE,GigabitEthernet0/2/2,US_SV1_Core
USA_ROUTE,GigabitEthernet0/3/0,US_SV1_Core
USA_ROUTE,GigabitEthernet0/3/1,US_SV1_Core
USA_ROUTE,GigabitEthernet0/3/2,US_SV1_Core
USA_ROUTE,GigabitEthernet0/3/3,US_SV1_Core
US_SV1_Core,XGigabitEthernet0/0/42,USA_ROUTE
US_SV1_Core,XGigabitEthernet0/0/43,USA_ROUTE
US_SV1_Core,XGigabitEthernet0/0/44,USA_ROUTE
US_SV1_Core,XGigabitEthernet0/0/45,USA_ROUTE
US_SV1_Core,XGigabitEthernet0/0/46,USA_ROUTE
US_SV1_Core,XGigabitEthernet0/0/47,USA_ROUTE
US_SV1_Core,XGigabitEthernet0/0/48,USA_ROUTE
37889/37888,10GE1/0/28,38056
37889/37888,10GE1/0/30,31361
37889/37888,10GE1/0/31,31360
37889/37888,10GE1/0/32,32825
37889/37888,10GE1/0/35,31772
37889/37888,10GE1/0/36,31771
37889/37888,10GE1/0/37,31725
37889/37888,10GE1/0/38,31727
37889/37888,10GE1/0/40,31561
37889/37888,10GE1/0/41,31560
37889/37888,10GE1/0/42,31484
37889/37888,10GE1/0/43,31431
37889/37888,10GE1/0/44,31430
37889/37888,10GE2/0/29,34903
37889/37888,10GE2/0/30,31361
37889/37888,10GE2/0/31,31360
37889/37888,10GE2/0/38,31727
37889/37888,10GE2/0/39,31726
37889/37888,10GE2/0/40,31561
37889/37888,10GE2/0/41,31560
37889/37888,10GE2/0/42,31484
37889/37888,10GE2/0/43,31431
37889/37888,40GE1/0/3,36568/36569
37889/37888,40GE1/0/4,36567/36570
37889/37888,40GE1/0/5,37889/37888
37889/37888,40GE1/0/6,37889/37888
37889/37888,40GE2/0/3,36568/36569
37889/37888,40GE2/0/4,36567/36570
37889/37888,40GE2/0/5,37889/37888
37889/37888,40GE2/0/6,37889/37888
6785/6786,10GE1/0/1,6300
6785/6786,10GE1/0/5,6168
6785/6786,10GE1/0/7,6594
6785/6786,10GE1/0/8,6607
6785/6786,10GE1/0/9,6627
6785/6786,10GE1/0/10,6629
6785/6786,10GE1/0/11,6734
6785/6786,10GE1/0/13,6002
6785/6786,10GE1/0/15,6034
6785/6786,10GE1/0/16,6296
6785/6786,10GE1/0/17,5988
6785/6786,10GE1/0/19,6040
6785/6786,10GE1/0/20,6064
6785/6786,10GE1/0/21,6297
6785/6786,10GE1/0/23,6039
6785/6786,10GE1/0/24,6036
6785/6786,10GE1/0/31,6328
6785/6786,10GE1/0/32,6246
6785/6786,10GE1/0/33,6247
6785/6786,10GE1/0/34,6332
6785/6786,10GE2/0/1,6300
6785/6786,10GE2/0/5,6168
6785/6786,10GE2/0/7,6594
6785/6786,10GE2/0/8,6607
6785/6786,10GE2/0/9,6627
6785/6786,10GE2/0/10,6629
6785/6786,10GE2/0/11,6734
6785/6786,10GE2/0/13,6002
6785/6786,10GE2/0/16,6296
6785/6786,10GE2/0/17,5988
6785/6786,10GE2/0/19,6040
6785/6786,10GE2/0/20,6064
6785/6786,10GE2/0/21,6297
6785/6786,10GE2/0/23,6039
6785/6786,10GE2/0/31,6328
6785/6786,10GE2/0/32,6246
6785/6786,10GE2/0/33,6247
6785/6786,40GE1/0/3,6711/6713
6785/6786,40GE1/0/4,6714/6712
6785/6786,40GE1/0/5,6785/6786
6785/6786,40GE1/0/6,6785/6786
6785/6786,40GE2/0/3,6711/6713
6785/6786,40GE2/0/4,6714/6712
6785/6786,40GE2/0/5,6785/6786
6785/6786,40GE2/0/6,6785/6786
6711/6713,25GE1/3/1,36568/36569
6711/6713,25GE1/3/8,6799/6800
6711/6713,25GE1/3/14,5716/5717
6711/6713,25GE1/3/21,Old_Core_6346/6354
6711/6713,25GE1/3/23,6022
6711/6713,25GE1/4/1,Old_Core_6346/6354
6711/6713,25GE1/4/21,Old_Core_6346/6354
6711/6713,25GE2/1/14,5716/5717
6711/6713,25GE2/2/1,Old_Core_6346/6354
6711/6713,40GE1/1/1,5903/5908
6711/6713,40GE1/1/10,8000/8001
6711/6713,40GE1/2/13,6714/6712
6711/6713,40GE1/2/16,6785/6786
6711/6713,40GE2/3/1,5903/5908
6711/6713,40GE2/3/10,8000/8001
6711/6713,40GE2/4/13,6714/6712
6711/6713,40GE2/4/15,6779/6780
6711/6713,40GE2/4/16,6785/6786
6711/6713,100GE1/3/1,6711/6713
6711/6713,100GE2/1/1,6711/6713
6711/6713,100GE2/2/1,6711/6713
6734,XGigabitEthernet0/0/5,6748
6734,XGigabitEthernet0/0/6,6748
6734,XGigabitEthernet0/0/7,6766
6734,XGigabitEthernet0/0/8,6766
6734,XGigabitEthernet0/0/47,6785/6786
6734,XGigabitEthernet0/0/48,6785/6786
6328,XGigabitEthernet0/0/3,6785/6786
6328,XGigabitEthernet0/0/4,6785/6786
6040,XGigabitEthernet0/0/3,6785/6786
6040,XGigabitEthernet0/0/4,6785/6786
31726,XGigabitEthernet0/0/3,31721
31726,XGigabitEthernet0/0/4,37889/37888
6065,XGigabitEthernet0/0/2,6594
31774,XGigabitEthernet0/0/3,31771
6332,XGigabitEthernet0/0/3,6580
6332,XGigabitEthernet0/0/4,6785/6786
32825,XGigabitEthernet0/0/3,37889/37888
32825,XGigabitEthernet0/0/4,33994
6064,XGigabitEthernet0/0/2,6785/6786
6064,XGigabitEthernet0/0/4,6785/6786
31952,XGigabitEthernet0/0/3,37891/37892
31952,XGigabitEthernet0/0/4,37891/37892
31561,XGigabitEthernet0/0/3,37889/37888
31561,XGigabitEthernet0/0/4,37889/37888
6608,XGigabitEthernet0/0/1,6607
5706,XGigabitEthernet1/0/1,5760/5761
5706,XGigabitEthernet1/0/2,5760/5761
6035,GigabitEthernet0/0/49,6034
5704,XGigabitEthernet0/0/1,5760/5761
5704,XGigabitEthernet0/0/2,5760/5761
6636,XGigabitEthernet0/0/1,6627
6636,XGigabitEthernet0/0/2,6627
31725,XGigabitEthernet0/0/3,37889/37888
31725,XGigabitEthernet0/0/4,37407
32765,XGigabitEthernet0/0/3,37891/37892
33103,XGigabitEthernet0/0/1,37891/37892
34249,XGigabitEthernet0/0/3,37891/37892
34249,XGigabitEthernet0/0/4,37891/37892
32285,XGigabitEthernet0/0/3,37891/37892
32285,XGigabitEthernet0/0/4,37891/37892
6629,10GE1/0/45,6785/6786
6629,10GE1/0/46,6785/6786
6039,XGigabitEthernet0/0/3,6785/6786
6039,XGigabitEthernet0/0/4,6785/6786
6246,XGigabitEthernet0/0/3,6785/6786
6246,XGigabitEthernet0/0/4,6785/6786
31772,XGigabitEthernet0/0/3,31773
31772,XGigabitEthernet0/0/4,37889/37888
6297,XGigabitEthernet0/0/3,6785/6786
6297,XGigabitEthernet0/0/4,6785/6786
31951,XGigabitEthernet0/0/3,31991
31951,XGigabitEthernet0/0/4,37889/37888
31721,XGigabitEthernet0/0/3,31726
31560,XGigabitEthernet0/0/4,37889/37888
6748,XGigabitEthernet0/0/1,6734
6748,XGigabitEthernet0/0/2,6734
5760/5761,XGigabitEthernet0/0/1,5718/5719
5760/5761,XGigabitEthernet0/0/2,5716/5717
5760/5761,XGigabitEthernet0/0/3,5698
5760/5761,XGigabitEthernet0/0/4,5704
5760/5761,XGigabitEthernet0/0/5,5705
5760/5761,XGigabitEthernet0/0/6,5706
5760/5761,XGigabitEthernet0/0/7,5707
5760/5761,XGigabitEthernet1/0/1,5718/5719
5760/5761,XGigabitEthernet1/0/2,5716/5717
5760/5761,XGigabitEthernet1/0/3,5698
5760/5761,XGigabitEthernet1/0/4,5704
5760/5761,XGigabitEthernet1/0/5,5705
5760/5761,XGigabitEthernet1/0/6,5706
5760/5761,XGigabitEthernet1/0/7,5707
6300,XGigabitEthernet0/0/3,6785/6786
6300,XGigabitEthernet0/0/4,6785/6786
6168,XGigabitEthernet0/0/3,6785/6786
6168,XGigabitEthernet0/0/4,6785/6786
33994,XGigabitEthernet0/0/4,32825
6038,GigabitEthernet0/0/49,6036
6580,XGigabitEthernet0/0/1,6332
37891/37892,10GE1/0/29,34249
37891/37892,10GE1/0/30,33447
37891/37892,10GE1/0/31,33367
37891/37892,10GE1/0/32,32083
37891/37892,10GE1/0/33,33103
37891/37892,10GE1/0/34,32082
37891/37892,10GE1/0/36,32765
37891/37892,10GE1/0/37,32764
37891/37892,10GE1/0/39,32492
37891/37892,10GE1/0/41,32285
37891/37892,10GE1/0/42,31954
37891/37892,10GE1/0/43,31952
37891/37892,10GE1/0/44,31953
37891/37892,10GE2/0/29,34249
37891/37892,10GE2/0/30,33447
37891/37892,10GE2/0/31,33367
37891/37892,10GE2/0/32,32083
37891/37892,10GE2/0/35,32873
37891/37892,10GE2/0/37,32764
37891/37892,10GE2/0/39,32492
37891/37892,10GE2/0/40,32491
37891/37892,10GE2/0/41,32285
37891/37892,10GE2/0/42,31954
37891/37892,10GE2/0/43,31952
37891/37892,10GE2/0/44,31953
37891/37892,40GE1/0/3,36568/36569
37891/37892,40GE1/0/5,37891/37892
37891/37892,40GE1/0/6,37891/37892
37891/37892,40GE2/0/3,36568/36569
37891/37892,40GE2/0/4,36567/36570
37891/37892,40GE2/0/5,37891/37892
37891/37892,40GE2/0/6,37891/37892
5707,XGigabitEthernet0/0/1,5760/5761
5707,XGigabitEthernet0/0/2,5760/5761
6296,GigabitEthernet0/0/48,6064
6296,XGigabitEthernet0/0/3,6785/6786
6296,XGigabitEthernet0/0/4,6785/6786
31954,XGigabitEthernet0/0/3,37891/37892
31954,XGigabitEthernet0/0/4,37891/37892
32491,XGigabitEthernet0/0/4,37891/37892
32764,XGigabitEthernet0/0/3,37891/37892
32764,XGigabitEthernet0/0/4,37891/37892
6628,XGigabitEthernet0/0/1,6627
6628,XGigabitEthernet0/0/2,6627
37407,XGigabitEthernet0/0/1,31725
6036,XGigabitEthernet0/0/2,6785/6786
6036,XGigabitEthernet0/0/3,6038
32082,XGigabitEthernet0/0/1,37891/37892
33447,XGigabitEthernet0/0/3,37891/37892
33447,XGigabitEthernet0/0/4,37891/37892
6247,XGigabitEthernet0/0/3,6785/6786
6247,XGigabitEthernet0/0/4,6785/6786
31773,XGigabitEthernet0/0/3,31772
5988,XGigabitEthernet0/0/3,6785/6786
5988,XGigabitEthernet0/0/4,6785/6786
6627,XGigabitEthernet0/0/1,6628
6627,XGigabitEthernet0/0/2,6628
6627,XGigabitEthernet0/0/5,6636
6627,XGigabitEthernet0/0/6,6636
6627,XGigabitEthernet0/0/47,6785/6786
6627,XGigabitEthernet0/0/48,6785/6786
31727,XGigabitEthernet0/0/3,37889/37888
31727,XGigabitEthernet0/0/4,37889/37888
31484,XGigabitEthernet0/0/3,37889/37888
6002,XGigabitEthernet0/0/3,6785/6786
6002,XGigabitEthernet0/0/4,6785/6786
31431,XGigabitEthernet0/0/3,37889/37888
31431,XGigabitEthernet0/0/4,37889/37888
6034,XGigabitEthernet0/0/3,6035
6034,XGigabitEthernet0/0/4,6785/6786
31430,XGigabitEthernet0/0/4,37889/37888
31991,XGigabitEthernet0/0/3,31951
5698,XGigabitEthernet0/0/1,5760/5761
5698,XGigabitEthernet0/0/2,5760/5761
6766,XGigabitEthernet0/0/1,6734
6766,XGigabitEthernet0/0/2,6734
34967,XGigabitEthernet0/0/47,34149/34150
34967,XGigabitEthernet0/0/48,34149/34150
5709,XGigabitEthernet0/0/1,5782/5783
5709,XGigabitEthernet0/0/2,5782/5783
31360,XGigabitEthernet0/0/1,34740
31360,XGigabitEthernet0/0/2,34740
31360,XGigabitEthernet0/0/3,37889/37888
6594,XGigabitEthernet0/0/1,6065
6594,XGigabitEthernet0/0/2,6785/6786
6594,XGigabitEthernet0/0/4,6785/6786
6607,XGigabitEthernet0/0/2,6785/6786
6607,XGigabitEthernet0/0/3,6608
6607,XGigabitEthernet0/0/4,6785/6786
34270,XGigabitEthernet0/0/45,34149/34150
34270,XGigabitEthernet0/0/46,34149/34150
31953,XGigabitEthernet0/0/3,37891/37892
31953,XGigabitEthernet0/0/4,37891/37892
32492,XGigabitEthernet0/0/3,37891/37892
32492,XGigabitEthernet0/0/4,37891/37892
5705,XGigabitEthernet0/0/1,5760/5761
5705,XGigabitEthernet0/0/2,5760/5761
32083,XGigabitEthernet0/0/3,37891/37892
32083,XGigabitEthernet0/0/4,37891/37892
31771,XGigabitEthernet0/0/3,31774
31771,XGigabitEthernet0/0/4,37889/37888
32873,XGigabitEthernet0/0/4,37891/37892
33367,XGigabitEthernet0/0/3,37891/37892
33367,XGigabitEthernet0/0/4,37891/37892
38056,XGigabitEthernet0/0/41,38597
38056,XGigabitEthernet0/0/42,38597
38056,XGigabitEthernet0/0/43,38095
38056,XGigabitEthernet0/0/44,38095
38056,XGigabitEthernet0/0/45,38055
38056,XGigabitEthernet0/0/46,38055
38056,XGigabitEthernet0/0/47,37889/37888
38056,XGigabitEthernet0/0/48,36567/36570
5703,XGigabitEthernet0/0/1,5767/5768
5703,XGigabitEthernet0/0/2,5767/5768
5759,XGigabitEthernet0/0/45,5767/5768
5759,XGigabitEthernet0/0/46,5767/5768
5759,XGigabitEthernet0/0/47,5767/5768
5759,XGigabitEthernet0/0/48,5767/5768
38597,XGigabitEthernet0/0/1,38598
38597,XGigabitEthernet0/0/2,38598
38597,XGigabitEthernet0/0/3,38056
38597,XGigabitEthernet0/0/4,38056
38065,XGigabitEthernet0/0/1,38063/38064
38065,XGigabitEthernet0/0/2,38063/38064
31361,XGigabitEthernet0/0/4,37889/37888
5697,XGigabitEthernet0/0/1,5712/5713
5697,XGigabitEthernet0/0/2,5712/5713
5714,XGigabitEthernet0/0/1,5782/5783
5714,XGigabitEthernet0/0/2,5782/5783
5700,XGigabitEthernet1/0/1,5782/5783
5700,XGigabitEthernet1/0/2,5782/5783
34149/34150,10GE1/0/17,34149/34150
34149/34150,10GE1/0/41,34631
34149/34150,10GE1/0/42,34966
34149/34150,10GE1/0/44,34270
34149/34150,10GE1/0/45,34057
34149/34150,10GE1/0/46,34967
34149/34150,10GE1/0/47,34836
34149/34150,10GE2/0/41,34631
34149/34150,10GE2/0/42,34966
34149/34150,10GE2/0/44,34270
34149/34150,10GE2/0/45,34057
34149/34150,10GE2/0/46,34967
34149/34150,10GE2/0/47,34836
34149/34150,40GE1/0/1,34149/34150
34149/34150,40GE1/0/2,34149/34150
34149/34150,40GE1/0/6,36568/36569
34149/34150,40GE2/0/1,34149/34150
34149/34150,40GE2/0/2,34149/34150
34149/34150,40GE2/0/6,36567/36570
5690,XGigabitEthernet0/0/1,5757/5758
5690,XGigabitEthernet0/0/2,5757/5758
38628,XGigabitEthernet0/0/3,38623/38624
38628,XGigabitEthernet0/0/4,38623/38624
40861/40862,XGigabitEthernet0/0/47,36568/36569
40861/40862,XGigabitEthernet0/0/48,36567/36570
40861/40862,XGigabitEthernet1/0/47,36568/36569
40861/40862,XGigabitEthernet1/0/48,36567/36570
5691,XGigabitEthernet0/0/1,5757/5758
5691,XGigabitEthernet0/0/2,5757/5758
34889/34888,10GE1/0/30,34892
34889/34888,10GE1/0/31,34901
34889/34888,10GE1/0/40,34899/34898
34889/34888,10GE1/0/41,34899/34898
34889/34888,10GE1/0/42,34896/34897
34889/34888,10GE1/0/43,34896/34897
34889/34888,10GE1/0/44,34894/34895
34889/34888,10GE1/0/45,34894/34895
34889/34888,10GE1/0/46,34890/34891
34889/34888,10GE1/0/47,34890/34891
34889/34888,10GE1/0/48,34739
34889/34888,10GE2/0/30,34902
34889/34888,10GE2/0/31,34900
34889/34888,10GE2/0/40,34899/34898
34889/34888,10GE2/0/41,34899/34898
34889/34888,10GE2/0/42,34896/34897
34889/34888,10GE2/0/43,34896/34897
34889/34888,10GE2/0/44,34894/34895
34889/34888,10GE2/0/45,34894/34895
34889/34888,10GE2/0/46,34890/34891
34889/34888,10GE2/0/47,34890/34891
34889/34888,10GE2/0/48,34739
34889/34888,100GE1/0/1,34889/34888
34889/34888,100GE1/0/2,34889/34888
34889/34888,100GE2/0/1,34889/34888
34889/34888,100GE2/0/2,34889/34888
34896/34897,XGigabitEthernet0/0/47,34889/34888
34896/34897,XGigabitEthernet0/0/48,34889/34888
34896/34897,XGigabitEthernet1/0/47,34889/34888
34896/34897,XGigabitEthernet1/0/48,34889/34888
34631,XGigabitEthernet0/0/3,34149/34150
34631,XGigabitEthernet0/0/4,34149/34150
39593,XGigabitEthernet0/0/1,38623/38624
39593,XGigabitEthernet0/0/2,38623/38624
34754,XGigabitEthernet0/0/1,34739
34754,XGigabitEthernet0/0/2,34739
36278,GigabitEthernet0/0/47,34741
36278,GigabitEthernet0/0/48,34741
34057,XGigabitEthernet0/0/1,34149/34150
34057,XGigabitEthernet0/0/2,34149/34150
37886/37887,10GE1/0/30,34557
37886/37887,10GE1/0/31,37807
37886/37887,10GE1/0/32,37805
37886/37887,10GE1/0/33,37408
37886/37887,10GE1/0/34,35208
37886/37887,10GE1/0/35,36998
37886/37887,10GE1/0/36,36277
37886/37887,10GE1/0/37,34963
37886/37887,10GE1/0/38,35390
37886/37887,10GE1/0/39,35389
37886/37887,10GE1/0/40,35211
37886/37887,10GE1/0/41,35210
37886/37887,10GE1/0/42,35209
37886/37887,10GE2/0/30,34557
37886/37887,10GE2/0/31,37807
37886/37887,10GE2/0/32,37805
37886/37887,10GE2/0/33,37408
37886/37887,10GE2/0/34,35208
37886/37887,10GE2/0/35,36998
37886/37887,10GE2/0/36,36277
37886/37887,10GE2/0/37,34963
37886/37887,10GE2/0/38,35390
37886/37887,10GE2/0/39,35389
37886/37887,10GE2/0/40,35211
37886/37887,10GE2/0/41,35210
37886/37887,10GE2/0/42,35209
37886/37887,40GE1/0/3,36568/36569
37886/37887,40GE1/0/5,37886/37887
37886/37887,40GE1/0/6,37886/37887
37886/37887,40GE2/0/4,36567/36570
37886/37887,40GE2/0/5,37886/37887
37886/37887,40GE2/0/6,37886/37887
5712/5713,XGigabitEthernet0/0/1,5718/5719
5712/5713,XGigabitEthernet0/0/2,5716/5717
5712/5713,XGigabitEthernet0/0/3,5699
5712/5713,XGigabitEthernet0/0/4,5697
5712/5713,XGigabitEthernet0/0/48,5757/5758
5712/5713,XGigabitEthernet1/0/1,5718/5719
5712/5713,XGigabitEthernet1/0/2,5716/5717
5712/5713,XGigabitEthernet1/0/3,5699
5712/5713,XGigabitEthernet1/0/4,5697
5712/5713,XGigabitEthernet1/0/48,5757/5758
38095,XGigabitEthernet0/0/1,38056
38095,XGigabitEthernet0/0/2,38056
38598,XGigabitEthernet0/0/3,38597
38598,XGigabitEthernet0/0/4,38597
5718/5719,25GE1/1/1,6714/6712
5718/5719,25GE1/1/5,5760/5761
5718/5719,25GE1/1/7,5767/5768
5718/5719,25GE1/1/8,5712/5713
5718/5719,25GE1/1/9,5767/5768
5718/5719,25GE1/1/24,5716/5717
5718/5719,25GE2/1/1,6714/6712
5718/5719,25GE2/1/6,5782/5783
5718/5719,25GE2/1/7,5767/5768
5718/5719,25GE2/1/8,5712/5713
5718/5719,25GE2/1/9,5767/5768
5718/5719,25GE2/1/24,5716/5717
5718/5719,100GE1/1/1,5718/5719
5718/5719,100GE1/1/2,5718/5719
5718/5719,100GE2/1/1,5718/5719
5718/5719,100GE2/1/2,5718/5719
34836,10GE1/0/43,34149/34150
34836,10GE1/0/44,34149/34150
34903,XGigabitEthernet0/0/43,37889/37888
34903,XGigabitEthernet0/0/44,37889/37888
34903,XGigabitEthernet0/0/48,35524
34892,XGigabitEthernet0/0/1,34889/34888
37408,XGigabitEthernet0/0/3,37886/37887
37408,XGigabitEthernet0/0/4,37886/37887
36277,XGigabitEthernet0/0/3,37886/37887
36277,XGigabitEthernet0/0/4,37886/37887
35211,XGigabitEthernet0/0/3,37886/37887
35211,XGigabitEthernet0/0/4,37886/37887
5702,XGigabitEthernet0/0/1,5767/5768
5702,XGigabitEthernet0/0/2,5767/5768
38623/38624,XGigabitEthernet0/0/1,38629
38623/38624,XGigabitEthernet0/0/2,38628
38623/38624,XGigabitEthernet0/0/3,39242
38623/38624,XGigabitEthernet0/0/4,39276
38623/38624,XGigabitEthernet0/0/5,39593
38623/38624,XGigabitEthernet0/0/6,39592
38623/38624,XGigabitEthernet0/0/47,36568/36569
38623/38624,XGigabitEthernet0/0/48,36567/36570
38623/38624,XGigabitEthernet1/0/1,38629
38623/38624,XGigabitEthernet1/0/2,38628
38623/38624,XGigabitEthernet1/0/3,39242
38623/38624,XGigabitEthernet1/0/4,39276
38623/38624,XGigabitEthernet1/0/5,39593
38623/38624,XGigabitEthernet1/0/6,39592
38623/38624,XGigabitEthernet1/0/47,36568/36569
38623/38624,XGigabitEthernet1/0/48,36567/36570
34963,XGigabitEthernet0/0/3,37886/37887
34963,XGigabitEthernet0/0/4,37886/37887
5757/5758,XGigabitEthernet0/0/1,5718/5719
5757/5758,XGigabitEthernet0/0/2,5716/5717
5757/5758,XGigabitEthernet0/0/3,5692
5757/5758,XGigabitEthernet0/0/4,5691
5757/5758,XGigabitEthernet0/0/5,5690
5757/5758,XGigabitEthernet0/0/6,5689
5757/5758,XGigabitEthernet0/0/7,5696/5693
5757/5758,XGigabitEthernet0/0/48,5712/5713
5757/5758,XGigabitEthernet1/0/1,5718/5719
5757/5758,XGigabitEthernet1/0/2,5716/5717
5757/5758,XGigabitEthernet1/0/3,5692
5757/5758,XGigabitEthernet1/0/4,5691
5757/5758,XGigabitEthernet1/0/5,5690
5757/5758,XGigabitEthernet1/0/6,5689
5757/5758,XGigabitEthernet1/0/7,5696/5693
5757/5758,XGigabitEthernet1/0/48,5712/5713
39242,XGigabitEthernet0/0/3,38623/38624
39242,XGigabitEthernet0/0/4,38623/38624
5708,XGigabitEthernet0/0/1,5782/5783
5708,XGigabitEthernet0/0/2,5782/5783
37807,XGigabitEthernet0/0/47,37886/37887
37807,XGigabitEthernet0/0/48,37886/37887
5710,XGigabitEthernet0/0/1,5782/5783
5710,XGigabitEthernet0/0/2,5782/5783
34899/34898,XGigabitEthernet0/0/47,34889/34888
34899/34898,XGigabitEthernet0/0/48,34889/34888
34899/34898,XGigabitEthernet1/0/47,34889/34888
34899/34898,XGigabitEthernet1/0/48,34889/34888
6783/6782,10GE1/0/32,5999
6783/6782,10GE2/0/32,5999
6783/6782,40GE1/0/4,6714/6712
6783/6782,40GE1/0/5,6783/6782
6783/6782,40GE1/0/6,6783/6782
6783/6782,40GE2/0/3,6711/6713
6783/6782,40GE2/0/5,6783/6782
6783/6782,40GE2/0/6,6783/6782
34890/34891,XGigabitEthernet0/0/47,34889/34888
34890/34891,XGigabitEthernet0/0/48,34889/34888
34890/34891,XGigabitEthernet1/0/47,34889/34888
34890/34891,XGigabitEthernet1/0/48,34889/34888
5767/5768,XGigabitEthernet0/0/1,5718/5719
5767/5768,XGigabitEthernet0/0/2,5716/5717
5767/5768,XGigabitEthernet0/0/3,5703
5767/5768,XGigabitEthernet0/0/4,5702
5767/5768,XGigabitEthernet0/0/5,5701
5767/5768,XGigabitEthernet0/0/6,5759
5767/5768,XGigabitEthernet0/0/9,5759
5767/5768,XGigabitEthernet0/0/10,5718/5719
5767/5768,XGigabitEthernet0/0/11,5716/5717
5767/5768,XGigabitEthernet1/0/1,5718/5719
5767/5768,XGigabitEthernet1/0/2,5716/5717
5767/5768,XGigabitEthernet1/0/3,5703
5767/5768,XGigabitEthernet1/0/4,5702
5767/5768,XGigabitEthernet1/0/5,5701
5767/5768,XGigabitEthernet1/0/6,5759
5767/5768,XGigabitEthernet1/0/9,5759
5767/5768,XGigabitEthernet1/0/10,5718/5719
5767/5768,XGigabitEthernet1/0/11,5716/5717
6022,GigabitEthernet0/1/0,6714/6712
6022,GigabitEthernet0/1/1,6714/6712
6022,GigabitEthernet0/1/3,Old_Core_6346/6354
6022,GigabitEthernet0/2/0,Old_Core_6346/6354
6022,GigabitEthernet0/2/1,6711/6713
6022,GigabitEthernet0/2/2,6711/6713
5716/5717,25GE1/1/1,6711/6713
5716/5717,25GE1/1/6,5782/5783
5716/5717,25GE1/1/7,5767/5768
5716/5717,25GE1/1/8,5712/5713
5716/5717,25GE1/1/9,5767/5768
5716/5717,25GE1/1/24,5718/5719
5716/5717,25GE2/1/1,6711/6713
5716/5717,25GE2/1/6,5782/5783
5716/5717,25GE2/1/7,5767/5768
5716/5717,25GE2/1/8,5712/5713
5716/5717,25GE2/1/9,5767/5768
5716/5717,25GE2/1/24,5718/5719
5716/5717,100GE1/1/1,5716/5717
5716/5717,100GE1/1/2,5716/5717
5716/5717,100GE2/1/1,5716/5717
5716/5717,100GE2/1/2,5716/5717
5692,XGigabitEthernet0/0/1,5757/5758
5692,XGigabitEthernet0/0/2,5757/5758
35208,10GE1/0/45,37886/37887
35208,10GE1/0/46,37886/37887
KH0082XGE0/KH0083XGE1,XGigabitEthernet0/0/45,B_KH0084XG0/KH0081XG1
KH0082XGE0/KH0083XGE1,XGigabitEthernet0/0/46,A_KVM_KH0087
KH0082XGE0/KH0083XGE1,XGigabitEthernet1/0/45,B_KH0084XG0/KH0081XG1
38055,XGigabitEthernet0/0/3,38056
38055,XGigabitEthernet0/0/4,38056
34966,XGigabitEthernet0/0/3,34149/34150
34966,XGigabitEthernet0/0/4,34149/34150
39592,XGigabitEthernet0/0/1,38623/38624
39592,XGigabitEthernet0/0/2,38623/38624
34741,GigabitEthernet0/0/31,36278
34741,GigabitEthernet0/0/32,36278
34741,XGigabitEthernet0/0/1,34739
34741,XGigabitEthernet0/0/2,34739
34741,XGigabitEthernet0/0/3,34742
5699,GigabitEthernet0/0/1,5712/5713
5699,GigabitEthernet0/0/2,5712/5713
38063/38064,XGigabitEthernet0/0/46,38065
38063/38064,XGigabitEthernet0/0/47,36567/36570
38063/38064,XGigabitEthernet0/0/48,36568/36569
38063/38064,XGigabitEthernet1/0/46,38065
38063/38064,XGigabitEthernet1/0/47,36567/36570
38063/38064,XGigabitEthernet1/0/48,36568/36569
38629,XGigabitEthernet0/0/3,38623/38624
38629,XGigabitEthernet0/0/4,38623/38624
34900,XGigabitEthernet0/0/1,34889/34888
35209,XGigabitEthernet0/0/3,37886/37887
35209,XGigabitEthernet0/0/4,37886/37887
35389,XGigabitEthernet0/0/3,37886/37887
35389,XGigabitEthernet0/0/4,37886/37887
5701,XGigabitEthernet0/0/1,5767/5768
5701,XGigabitEthernet0/0/2,5767/5768
34557,XGigabitEthernet0/0/3,37886/37887
34557,XGigabitEthernet0/0/4,37886/37887
5696/5693,XGigabitEthernet0/0/1,5757/5758
5696/5693,XGigabitEthernet1/0/1,5757/5758
GCX_NE20_KH0091,GigabitEthernet0/2/2,IPLook_GCX_CE6880_KH0101
34894/34895,XGigabitEthernet0/0/47,34889/34888
34894/34895,XGigabitEthernet0/0/48,34889/34888
34894/34895,XGigabitEthernet1/0/47,34889/34888
34894/34895,XGigabitEthernet1/0/48,34889/34888
B_KH0084XG0/KH0081XG1,XGigabitEthernet0/0/45,KH0082XGE0/KH0083XGE1
B_KH0084XG0/KH0081XG1,XGigabitEthernet1/0/45,KH0082XGE0/KH0083XGE1
B_KH0084XG0/KH0081XG1,XGigabitEthernet1/0/46,KH0086
39276,XGigabitEthernet0/0/1,38623/38624
39276,XGigabitEthernet0/0/2,38623/38624
5782/5783,XGigabitEthernet0/0/1,5718/5719
5782/5783,XGigabitEthernet0/0/2,5716/5717
5782/5783,XGigabitEthernet0/0/3,5708
5782/5783,XGigabitEthernet0/0/4,5700
5782/5783,XGigabitEthernet0/0/5,5709
5782/5783,XGigabitEthernet0/0/6,5710
5782/5783,XGigabitEthernet0/0/7,5711
5782/5783,XGigabitEthernet0/0/8,5714
5782/5783,XGigabitEthernet1/0/1,5718/5719
5782/5783,XGigabitEthernet1/0/2,5716/5717
5782/5783,XGigabitEthernet1/0/3,5708
5782/5783,XGigabitEthernet1/0/4,5700
5782/5783,XGigabitEthernet1/0/5,5709
5782/5783,XGigabitEthernet1/0/6,5710
5782/5783,XGigabitEthernet1/0/7,5711
5782/5783,XGigabitEthernet1/0/8,5714
37805,XGigabitEthernet0/0/3,37886/37887
37805,XGigabitEthernet0/0/4,37886/37887
5711,XGigabitEthernet0/0/1,5782/5783
5711,XGigabitEthernet0/0/2,5782/5783
34739,10GE1/0/1,34741
34739,10GE1/0/2,34741
34739,10GE1/0/3,34754
34739,10GE1/0/4,34754
34739,10GE1/0/5,36567/36570
34739,10GE1/0/45,34889/34888
34739,10GE1/0/46,34889/34888
34739,10GE1/0/47,34740
34739,10GE1/0/48,34740
5689,XGigabitEthernet0/0/1,5757/5758
5689,XGigabitEthernet0/0/2,5757/5758
33610,XGigabitEthernet0/0/47,31367
33610,XGigabitEthernet0/0/48,31367
6779/6780,10GE1/0/38,6161/6374
6779/6780,10GE1/0/44,6369
6779/6780,10GE2/0/38,6161/6374
6779/6780,10GE2/0/44,6369
6779/6780,40GE1/0/5,6779/6780
6779/6780,40GE1/0/6,6779/6780
6779/6780,40GE2/0/3,6711/6713
6779/6780,40GE2/0/5,6779/6780
6779/6780,40GE2/0/6,6779/6780
34902,XGigabitEthernet0/0/1,34889/34888
A_KVM_KH0087,XGigabitEthernet0/0/1,KH0082XGE0/KH0083XGE1
37806,XGigabitEthernet0/0/3,37893/37890
37806,XGigabitEthernet0/0/4,37893/37890
5999,XGigabitEthernet0/0/3,6783/6782
5999,XGigabitEthernet0/0/4,6783/6782
34157,XGigabitEthernet0/0/3,37893/37890
34157,XGigabitEthernet0/0/4,37893/37890
36998,XGigabitEthernet0/0/3,37886/37887
36998,XGigabitEthernet0/0/4,37886/37887
33704,XGigabitEthernet0/0/3,37893/37890
33704,XGigabitEthernet0/0/4,37893/37890
186,GigabitEthernet0/1/0,6714/6712
186,GigabitEthernet0/1/1,6714/6712
186,GigabitEthernet0/2/2,Old_Core_6346/6354
186,GigabitEthernet0/2/3,Old_Core_6346/6354
186,GigabitEthernet0/3/0,185
186,GigabitEthernet0/3/2,6714/6712
34742,XGigabitEthernet0/0/1,34741
34740,10GE1/0/1,34739
34740,10GE1/0/40,31362
34740,10GE1/0/46,31360
34740,10GE1/0/47,31360
34740,10GE1/0/48,31362
8000/8001,40GE1/0/1,8000/8001
8000/8001,40GE1/0/2,8000/8001
8000/8001,40GE1/0/3,6711/6713
8000/8001,40GE1/0/4,6714/6712
8000/8001,40GE2/0/1,8000/8001
8000/8001,40GE2/0/2,8000/8001
8000/8001,40GE2/0/3,6711/6713
8000/8001,40GE2/0/4,6714/6712
36567/36570,25GE1/3/2,35524
36567/36570,25GE1/3/3,38063/38064
36567/36570,25GE1/3/4,38056
36567/36570,25GE1/3/7,38623/38624
36567/36570,25GE1/3/10,6714/6712
36567/36570,25GE1/3/24,31367
36567/36570,25GE1/4/4,40861/40862
36567/36570,25GE2/3/2,35524
36567/36570,25GE2/3/3,38063/38064
36567/36570,25GE2/3/5,34739
36567/36570,25GE2/3/24,31367
36567/36570,40GE1/2/12,36568/36569
36567/36570,40GE1/2/14,37893/37890
36567/36570,40GE1/2/16,37889/37888
36567/36570,40GE2/1/12,36568/36569
36567/36570,40GE2/2/10,34149/34150
36567/36570,40GE2/2/13,37886/37887
36567/36570,40GE2/2/15,37891/37892
36567/36570,40GE2/2/16,37889/37888
36567/36570,100GE1/3/1,36567/36570
36567/36570,100GE1/4/1,36567/36570
36567/36570,100GE2/3/1,36567/36570
36567/36570,100GE2/4/1,36567/36570
34901,XGigabitEthernet0/0/1,34889/34888
i_8.19_Core_MEGA0100,XGigabitEthernet0/0/48,Old_Core_6346/6354
6714/6712,25GE1/3/1,186
6714/6712,25GE1/3/2,185
6714/6712,25GE1/3/23,6022
6714/6712,25GE1/4/13,5718/5719
6714/6712,25GE2/3/1,186
6714/6712,25GE2/3/2,185
6714/6712,25GE2/3/23,6022
6714/6712,40GE1/1/1,5903/5908
6714/6712,40GE1/2/10,8000/8001
6714/6712,40GE1/2/13,6711/6713
6714/6712,40GE1/2/16,6785/6786
6714/6712,40GE2/1/1,5903/5908
6714/6712,40GE2/2/13,6711/6713
6714/6712,40GE2/2/14,6783/6782
6714/6712,40GE2/2/15,6779/6780
6714/6712,100GE1/3/1,6714/6712
6714/6712,100GE1/4/1,6714/6712
6714/6712,100GE2/3/1,6714/6712
6714/6712,100GE2/4/1,6714/6712
35210,XGigabitEthernet0/0/3,37886/37887
35210,XGigabitEthernet0/0/4,37886/37887
35390,XGigabitEthernet0/0/3,37886/37887
35390,XGigabitEthernet0/0/4,37886/37887
6885,XGigabitEthernet0/0/3,6799/6800
6885,XGigabitEthernet0/0/4,6799/6800
7000,XGigabitEthernet0/0/3,EQU6957
7000,XGigabitEthernet0/0/4,EQU6957
KH0086,XGigabitEthernet0/0/1,B_KH0084XG0/KH0081XG1
6369,XGigabitEthernet0/0/3,6779/6780
6369,XGigabitEthernet0/0/4,6779/6780
34519,XGigabitEthernet0/0/3,37893/37890
34519,XGigabitEthernet0/0/4,37893/37890
35524,GigabitEthernet0/1/0,31362
35524,GigabitEthernet0/1/1,31362
35524,GigabitEthernet0/2/1,31362
35524,GigabitEthernet0/2/2,36567/36570
35524,GigabitEthernet0/2/3,36567/36570
35524,GigabitEthernet0/3/3,34903
33491,XGigabitEthernet0/0/3,37893/37890
33491,XGigabitEthernet0/0/4,37893/37890
36568/36569,25GE1/3/1,6711/6713
36568/36569,25GE1/3/2,38063/38064
36568/36569,25GE1/3/3,38623/38624
36568/36569,25GE1/3/24,31367
36568/36569,25GE1/4/3,40861/40862
36568/36569,25GE2/3/2,38063/38064
36568/36569,25GE2/3/3,38623/38624
36568/36569,25GE2/3/24,31367
36568/36569,25GE2/4/3,40861/40862
36568/36569,40GE1/1/1,31362
36568/36569,40GE1/2/12,36567/36570
36568/36569,40GE1/2/13,37886/37887
36568/36569,40GE1/2/14,37893/37890
36568/36569,40GE1/2/15,37891/37892
36568/36569,40GE1/2/16,37889/37888
36568/36569,40GE2/2/10,34149/34150
36568/36569,40GE2/2/12,36567/36570
36568/36569,40GE2/2/14,37893/37890
36568/36569,40GE2/2/15,37891/37892
36568/36569,40GE2/2/16,37889/37888
36568/36569,100GE1/3/1,36568/36569
36568/36569,100GE1/4/1,36568/36569
36568/36569,100GE2/3/1,36568/36569
36568/36569,100GE2/4/1,36568/36569
37893/37890,10GE1/0/36,37806
37893/37890,10GE1/0/37,34519
37893/37890,10GE1/0/38,34473
37893/37890,10GE1/0/40,34157
37893/37890,10GE1/0/41,33704
37893/37890,10GE1/0/42,33525
37893/37890,10GE1/0/43,33490
37893/37890,10GE1/0/44,33491
37893/37890,10GE2/0/36,37806
37893/37890,10GE2/0/37,34519
37893/37890,10GE2/0/38,34473
37893/37890,10GE2/0/40,34157
37893/37890,10GE2/0/41,33704
37893/37890,10GE2/0/42,33525
37893/37890,10GE2/0/43,33490
37893/37890,10GE2/0/44,33491
37893/37890,40GE1/0/3,36568/36569
37893/37890,40GE1/0/5,37893/37890
37893/37890,40GE1/0/6,37893/37890
37893/37890,40GE2/0/3,36568/36569
37893/37890,40GE2/0/5,37893/37890
37893/37890,40GE2/0/6,37893/37890
33525,XGigabitEthernet0/0/3,37893/37890
33525,XGigabitEthernet0/0/4,37893/37890
KH0082XGE0/KH0083XGE1,XGigabitEthernet0/0/45,B_KH0084XG0/KH0081XG1
KH0082XGE0/KH0083XGE1,XGigabitEthernet0/0/46,A_KVM_KH0087
KH0082XGE0/KH0083XGE1,XGigabitEthernet1/0/45,B_KH0084XG0/KH0081XG1
5903/5908,40GE1/0/1,5903/5908
5903/5908,40GE1/0/2,5903/5908
5903/5908,40GE1/0/5,6711/6713
5903/5908,40GE1/0/6,6714/6712
5903/5908,40GE2/0/1,5903/5908
5903/5908,40GE2/0/2,5903/5908
5903/5908,40GE2/0/5,6711/6713
6064,XGigabitEthernet0/0/2,6785/6786
6064,XGigabitEthernet0/0/4,6785/6786
6161/6374,XGigabitEthernet0/0/44,6779/6780
6161/6374,XGigabitEthernet1/0/44,6779/6780
6886,XGigabitEthernet0/0/3,6799/6800
6886,XGigabitEthernet0/0/4,6799/6800
31367,GigabitEthernet0/1/1,36568/36569
31367,GigabitEthernet0/1/2,36567/36570
31367,GigabitEthernet0/1/3,33610
31367,GigabitEthernet0/3/1,36568/36569
31367,GigabitEthernet0/3/2,36567/36570
31367,GigabitEthernet0/3/3,33610
185,GigabitEthernet0/1/0,6714/6712
185,GigabitEthernet0/1/1,6714/6712
185,GigabitEthernet0/2/3,Old_Core_6346/6354
185,GigabitEthernet0/3/2,186
185,GigabitEthernet0/3/3,Old_Core_6346/6354
34473,XGigabitEthernet0/0/3,37893/37890
34473,XGigabitEthernet0/0/4,37893/37890
33490,XGigabitEthernet0/0/3,37893/37890
33490,XGigabitEthernet0/0/4,37893/37890
6799/6800,XGigabitEthernet0/0/3,6885
6799/6800,XGigabitEthernet0/0/4,6886
6799/6800,XGigabitEthernet0/0/8,EQU6957
6799/6800,XGigabitEthernet0/0/47,6714/6712
6799/6800,XGigabitEthernet0/0/48,6711/6713
6799/6800,XGigabitEthernet1/0/3,6885
6799/6800,XGigabitEthernet1/0/4,6886
6799/6800,XGigabitEthernet1/0/8,EQU6957
EQU6957,XGigabitEthernet0/0/1,7000
EQU6957,XGigabitEthernet0/0/2,7000
EQU6957,XGigabitEthernet0/0/3,6799/6800
EQU6957,XGigabitEthernet0/0/4,6799/6800
31362,XGigabitEthernet0/0/24,34740
31362,XGigabitEthernet0/0/28,34740
31362,XGigabitEthernet0/0/40,35524
31362,XGigabitEthernet0/0/41,35524
31362,XGigabitEthernet0/0/42,35524
31362,40GE0/0/1,36568/36569
Old_Core_6346/6354,XGigabitEthernet0/0/38,6711/6713
Old_Core_6346/6354,XGigabitEthernet0/0/45,6022
Old_Core_6346/6354,XGigabitEthernet0/0/46,i_8.19_Core_MEGA0100
Old_Core_6346/6354,XGigabitEthernet0/0/47,186
Old_Core_6346/6354,XGigabitEthernet0/0/48,185
Old_Core_6346/6354,XGigabitEthernet1/0/35,6022
Old_Core_6346/6354,XGigabitEthernet1/0/37,6711/6713
Old_Core_6346/6354,XGigabitEthernet1/0/38,6711/6713
Old_Core_6346/6354,XGigabitEthernet1/0/47,186
Old_Core_6346/6354,XGigabitEthernet1/0/48,185
,,
,,
